date,AT,BE,BG,CH,CZ,DE,DK,EL,ES,FI,FR,HR,IE,IS,IT,LU,NL,NO,PL,PT,RO,SE,SI,SK,UK
2000-01-01,1.4,0.3,7,:,3.4,1.7,2.8,2.3,2.9,2.3,1.7,3.1,4.5,4.6,2.2,3.5,1.6,2.7,10.1,1.9,56.7,1,7.8,13.7,0.8
2000-02-01,1.9,2.1,8.9,:,3.5,1.7,2.8,2.6,3,2.7,1.4,3.2,4.6,4.3,2.4,2.6,1.5,3,10.5,1.6,55.6,1.4,8.4,16.7,0.9
2000-03-01,1.9,2.5,9.6,:,3.8,1.4,2.9,2.8,3,3.2,1.6,3.5,5,4.6,2.5,3,1.6,2.7,10.3,1.4,49,1.3,9,16.8,0.6
2000-04-01,1.8,2.3,9.2,:,3.4,1,2.9,2.1,3,2.5,1.3,3.9,5.1,5.1,2.4,3.2,1.7,2.7,9.9,1.9,48.9,1,9.3,16.2,0.6
2000-05-01,1.6,2.4,10.3,:,3.7,0.8,2.9,2.6,3.2,2.7,1.5,3.4,5.1,5,2.5,2.9,2,2.9,9.8,2.4,44,1.3,9.1,16.3,0.5
2000-06-01,2.4,3,11.6,:,4.1,1.4,2.9,2.2,3.5,3.1,1.8,4.5,5.4,4.7,2.8,4.4,2.5,3.5,10.6,2.8,40.9,1.3,9.8,15.7,0.8
2000-07-01,1.9,1.7,8.6,:,4.1,1.3,2.8,2.6,3.7,2.9,1.9,4.6,5.9,5.2,2.8,4.7,2.8,3.4,11.6,3.3,44.5,1.3,8.9,9.3,0.9
2000-08-01,1.9,3.5,11,:,4.2,1,2.1,2.9,3.6,2.9,2,4.8,5.7,4.1,2.8,3.7,2.5,3.5,10.7,3.6,45.4,1.3,8.3,8.8,0.6
2000-09-01,2.3,4,11.9,:,4.2,1.5,2.8,3,3.7,3.4,2.3,5.2,5.5,3.6,2.8,4.2,2.9,3.5,10.2,3.6,44.9,1.2,9,8.8,1
2000-10-01,2.2,3.7,11.9,:,4.5,1.5,2.9,3.8,4,3.4,2.1,5.3,5.9,3.8,2.7,4.3,3.2,3.1,9.8,3.7,42.9,1.3,9.1,8.7,1
2000-11-01,2.3,3.7,12.3,:,4.3,1.4,2.8,4,4.1,3.3,2.3,6.1,5.9,4.1,2.9,4.5,2.9,3,9.1,3.6,41.3,1.8,9.8,8.6,1.1
2000-12-01,1.8,3,11.3,:,4,2.2,2.4,3.7,4,2.9,1.8,5.9,4.7,3.7,2.7,4.3,2.9,2.8,8.4,3.8,40.7,1.3,8.9,8.4,0.8
2001-01-01,2.3,2.7,9.3,:,4.1,1.3,2.4,3.2,2.9,2.9,1.3,5.4,3.9,3.4,2.5,2.9,4.6,3,7.4,4.4,39.9,1.6,8.5,7.5,0.9
2001-02-01,1.8,2.5,8.5,:,4,1.8,2.3,3.4,2.7,2.7,1.5,5.4,4,3.9,1.5,3,5,3.4,6.5,4.8,40,1.5,8.8,6.3,0.8
2001-03-01,1.9,2.2,8.9,:,4.1,1.8,2.2,3.2,3,2.5,1.5,4.5,4.1,4.1,2.2,3,5,3.4,6.1,5.1,40.4,1.8,9,6.6,0.9
2001-04-01,2.6,2.9,9.8,:,4.7,2.2,2.6,3.7,3.6,2.9,2,5.6,4.2,4.4,3,2.7,5.4,3.6,6.5,4.6,37.4,2.9,9.1,7.1,1.2
2001-05-01,2.9,3.2,9.7,:,5.1,2.9,2.7,3.9,3.8,3.3,2.4,6.1,4.2,5.6,2.8,3.8,5.5,4,7.2,4.9,37.3,3.1,10,7.3,1.7
2001-06-01,2.6,3,9.4,:,5.3,2.4,2.3,4.5,3.7,3,2.2,4.8,4.3,7.2,2.8,2.7,5.1,3.4,6.1,4.6,35.7,2.9,9.8,7.5,1.7
2001-07-01,2.8,2.7,8.5,:,5.4,2.1,2.3,4.2,2.4,2.6,2.2,3.4,4,7.4,2.3,2.4,5.3,2.1,5,4.3,31.9,2.8,9.1,8,1.4
2001-08-01,2.4,2.5,5.7,:,5.1,2.2,2.5,4,2.1,2.7,2,4.2,3.7,8.1,2,2.5,5.2,2.2,4.7,4,32.3,3,8.8,7.7,1.8
2001-09-01,2.4,1.9,4.7,:,4.6,1.8,2.2,4,2.3,2.6,1.6,3.8,3.8,8.8,2,1.9,5.3,1.9,4.1,4.1,31.2,3.4,8.3,7.3,1.3
2001-10-01,2.3,2,5.2,:,4.3,1.6,1.9,3.2,2.5,2.4,1.8,3.1,3.8,8.4,2.3,1.6,5,1.8,3.6,4.2,30.8,3,8.1,6.9,1.2
2001-11-01,1.9,1.8,4.6,:,3.9,1.4,1.8,2.9,2.5,2.2,1.3,2.6,3.6,8.6,2.3,1.4,4.8,1.3,3.5,4.1,30.7,2.9,7.2,6.8,0.8
2001-12-01,1.8,1.9,4.8,:,3.9,1.4,2,3.5,2.5,2.3,1.5,2.4,4.3,9.1,2.3,0.9,5.1,1.5,3.5,3.9,30.3,3.2,7.1,6.7,1.1
2002-01-01,1.9,2.6,7,:,3.4,2,2.3,4.8,3.1,2.9,2.4,3.3,5.3,9.9,2.3,2.2,4.9,0.9,3.6,3.7,28.6,2.9,8.4,6.5,1.6
2002-02-01,1.7,2.5,8.4,:,3.4,1.8,2.4,3.8,3.2,2.5,2.2,2.8,5,9.4,2.5,2.2,4.5,0.4,3.7,3.3,27.2,2.8,8,4.4,1.5
2002-03-01,1.7,2.5,9.1,:,3.3,1.9,2.5,4.3,3.2,2.6,2.2,3.3,5.1,9.1,2.5,1.7,4.4,0.5,3.4,3.4,25.1,2.9,7.6,3.8,1.5
2002-04-01,1.7,1.7,9.2,:,2.9,1.5,2.4,4.1,3.7,2.5,2.1,2.1,5.2,7.8,2.5,1.9,4.2,-0.1,3,3.6,24.4,2.3,8.4,3.7,1.4
2002-05-01,1.6,1.3,6.9,:,2.1,1.1,2,3.8,3.7,1.8,1.6,1.9,5,6.1,2.5,1.3,3.8,-0.4,1.5,3.4,24.5,1.6,7.6,3.3,0.8
2002-06-01,1.5,0.8,5.2,:,0.9,0.9,2.1,3.6,3.4,1.5,1.4,2,4.5,4.7,2.4,1.2,3.8,-0.4,1.2,3.5,24,1.7,6.9,2.8,0.6
2002-07-01,1.5,1.2,5.5,:,0.3,1.1,2.1,3.6,3.5,2,1.6,2.7,4.1,4,2.5,1.9,3.7,1.1,1.2,3.5,23,1.7,7.5,2.2,1.1
2002-08-01,2,1.2,4.5,:,0.3,1.1,2.4,3.8,3.7,1.8,1.8,1.8,4.5,3.5,2.5,2,3.7,1,1.4,3.9,21.3,1.6,7.7,3,1
2002-09-01,1.6,1.2,4,:,0.4,1.1,2.4,3.8,3.5,1.3,1.8,2.2,4.4,3.2,2.9,2.2,3.6,1.1,1.4,3.9,19.7,1.2,7.2,3.1,1
2002-10-01,1.6,1.2,3.2,:,0.1,1.2,2.6,4,4,1.7,1.9,2.7,4.4,3,2.9,2.5,3.4,1.3,1.2,4.1,18.8,1.7,7,3.3,1.4
2002-11-01,1.7,1.1,3.2,:,0.3,1.1,2.8,3.9,3.9,1.7,2.1,2.8,4.6,2.3,2.9,2.6,3.3,1.8,1.1,4.1,18.6,1.4,6.5,3,1.5
2002-12-01,1.7,1.3,3.8,:,0.1,1.1,2.6,3.5,4,1.7,2.2,2.8,4.5,1.9,3,2.8,3.2,2.5,0.8,4,17.8,1.7,7.1,3.2,1.7
2003-01-01,1.7,1.2,1.7,:,-0.8,1.1,2.6,3.3,3.8,1.4,1.9,2.3,4.8,1.1,2.9,3.2,2.7,4.2,0.3,4,16.6,2.6,6.7,7.1,1.3
2003-02-01,1.7,1.7,0.2,:,-0.5,1.2,2.7,4.3,3.9,2.1,2.6,2.5,5.1,1.1,2.6,3.2,2.9,4,0.3,4.1,16.2,3.3,6.4,7.4,1.6
2003-03-01,1.8,1.7,-0.1,:,-0.6,1.2,3,3.9,3.7,1.8,2.5,2.8,4.9,1.8,3,3.7,2.7,3.1,0.4,3.7,17.1,3,6.3,8,1.5
2003-04-01,1.3,1.5,0.3,:,-0.4,1,2.3,3.3,3.2,1.4,2,2,4.5,1.8,3,2.9,2.2,2.5,0.1,3.7,16,2.3,5.3,7.7,1.4
2003-05-01,1,0.9,1.7,:,-0.3,0.6,2.1,3.5,2.7,1.1,1.8,2.2,3.9,1.8,2.8,2.3,2.2,1.8,0.4,3.6,14.4,1.9,5.5,7.6,1.3
2003-06-01,1,1.5,1.3,:,0,1,2,3.7,2.8,1.1,2,2.3,3.7,1.3,2.8,2,2.1,1.5,0.7,3.3,14,2,6.2,8.3,1.1
2003-07-01,1,1.4,2,:,-0.3,0.9,1.7,3.5,2.9,1,2,3,3.9,0.9,2.8,1.9,2.1,1.3,0.7,2.9,14.8,2.4,6.1,8.5,1.3
2003-08-01,1,1.7,3.5,:,-0.3,1.1,1.6,3.3,3.1,1.2,2,3.1,4,1,2.8,2.3,2.2,1.8,0.7,2.9,14.1,2.3,5.6,9,1.4
2003-09-01,1.3,1.7,3.6,:,0,1.1,1.7,3.3,3,1.3,2.2,2.1,3.8,1.2,2.9,2.6,2,1.5,0.8,3.1,15.9,2.3,5,9.3,1.4
2003-10-01,1.1,1.5,3.3,:,0.4,1.2,1.2,3.1,2.7,0.9,2.3,2.1,3.3,1.1,2.8,1.7,1.9,1.4,1.1,2.8,15.8,2,4.9,9.3,1.4
2003-11-01,1.3,1.8,5.1,:,0.8,1.4,1.3,3.3,2.9,1.1,2.5,2.3,3.3,1.6,2.8,2,2,1,1.5,2.3,14.5,2,5.2,9.5,1.3
2003-12-01,1.3,1.6,5.6,:,1,1.1,1.2,3.1,2.7,1.2,2.4,2.2,3,1.8,2.5,2.4,1.6,0.1,1.7,2.3,14.2,1.8,4.7,9.4,1.3
2004-01-01,1.2,1.4,6.4,:,2.1,1.1,1,3,2.3,0.7,2.2,2.3,2.2,1.5,2.2,2.3,1.5,-1.5,1.9,2.2,14,1.2,4,8.3,1.4
2004-02-01,1.5,1.1,6.6,:,1.9,0.8,0.7,2.6,2.2,0.4,1.9,2,2.2,1.4,2.4,2.5,1.4,-1.5,1.9,2.1,13.7,0.1,3.6,8.4,1.3
2004-03-01,1.6,0.9,6.1,:,2.2,1.1,0.4,2.9,2.2,-0.4,1.9,2,1.8,1,2.3,2,1.3,-0.5,1.7,2.3,13.1,0.4,3.5,8,1.1
2004-04-01,1.6,1.7,6.1,:,2,1.7,0.6,3.1,2.7,-0.4,2.4,2.7,1.7,1.5,2.4,2.7,1.5,0.5,2.4,2.4,12.5,1,3.6,7.9,1.1
2004-05-01,2.1,2.4,6.8,:,2.6,2.2,1.1,3.1,3.4,-0.1,2.8,2.9,2.1,2.3,2.4,3.5,1.7,1,3.4,2.5,12.3,1.5,3.9,8.2,1.5
2004-06-01,2.3,2,7.3,:,2.8,1.9,1,3,3.5,-0.1,2.7,2.8,2.5,2.8,2.4,3.9,1.5,1.2,4.4,3.6,12,1.1,3.9,8.2,1.6
2004-07-01,2.1,2,7.6,:,3.1,1.9,1.2,3.2,3.3,0.2,2.6,1.9,2.5,2.7,2.2,3.8,1.2,1.6,4.8,3,12.1,1.2,3.8,8.4,1.4
2004-08-01,2.2,2,6.3,:,3.2,2.2,0.8,2.8,3.3,0.2,2.6,1.8,2.5,3,2.4,3.6,1.2,1.1,4.9,2.4,12.4,1.1,3.7,7.1,1.3
2004-09-01,1.8,1.8,6.3,:,2.8,1.9,0.8,2.9,3.2,0.2,2.2,1.6,2.4,2.7,2.1,3.1,1.2,1.1,4.6,2.1,11.1,1.1,3.4,6.6,1.1
2004-10-01,2.3,2.6,5.8,:,3.2,2.2,1.6,3.3,3.6,0.6,2.3,1.9,2.5,2.9,2.1,4.1,1.5,1.4,4.7,2.3,10.8,1.5,3.4,6.6,1.2
2004-11-01,2.3,2.3,4.5,:,2.8,1.9,1.1,3.2,3.5,0.2,2.2,1.8,2.7,2.8,2,4,1.5,1.4,4.6,2.6,9.9,1.1,3.8,6.2,1.5
2004-12-01,2.5,2,4,:,2.4,2.3,1,3.1,3.3,0.1,2.2,2,2.4,2.9,2.3,3.5,1.3,1.2,4.3,2.6,9.3,0.9,3.3,5.9,1.7
2005-01-01,2.4,2,3.2,:,1.5,1.7,0.8,4.2,3.1,-0.1,1.6,1.4,2.1,2.6,2,2.8,1.3,1,3.8,2,8.9,0.5,2.3,3.2,1.6
2005-02-01,2.3,2.3,3.8,:,1.4,1.8,1.1,3.1,3.3,0,1.9,2.3,2,2.8,2.1,3.3,1.5,0.9,3.6,2.1,8.9,1.2,2.8,2.7,1.7
2005-03-01,2.4,2.8,4.4,:,1.3,1.8,1.3,2.8,3.4,0.9,2.1,2.6,1.9,2.4,2.2,3.5,1.5,0.9,3.4,2.2,8.7,0.6,3.2,2.4,1.9
2005-04-01,2.3,2.5,5.3,:,1.4,1.4,1.7,3.3,3.5,1.2,2,3,2.1,1.5,2.1,3.8,1.3,1.1,3.1,2,10,0.5,2.7,2.6,1.9
2005-05-01,1.9,2.3,5.1,:,0.9,1.5,1.3,3.2,3.1,0.7,1.7,2.2,2.1,0.5,2.3,3.7,1,1.5,2.3,1.7,10.1,0.2,2.1,2.4,1.9
2005-06-01,2,2.7,6.5,:,1.2,1.7,1.7,3.2,3.2,1,1.8,2.7,2,0.3,2.2,3.2,1.4,1.7,1.4,0.7,9.7,0.8,1.7,2.6,2
2005-07-01,2.1,2.7,6,:,1.4,1.9,1.9,3.9,3.3,0.9,1.8,3.1,2.2,0.5,2.2,4,1.5,1.3,1.5,1.9,9.4,0.7,1.9,2.1,2.3
2005-08-01,1.9,2.9,7.2,:,1.4,1.9,2.3,3.6,3.3,1,2,3.1,2.1,0.4,2.2,4.3,1.7,1.8,1.8,2.5,8.9,1.1,1.8,2.1,2.4
2005-09-01,2.5,2.9,7.5,:,2,2.6,2.5,3.8,3.8,1.2,2.3,3.8,2.8,1.6,2.2,4.7,1.7,2.2,1.9,2.7,8.5,1.1,3.1,2.3,2.5
2005-10-01,2.1,2.3,8.1,:,2.4,2.4,1.9,3.7,3.5,0.8,2,3.9,2.7,1.5,2.5,5,1.5,1.9,1.5,2.6,8.2,0.9,3.1,3.5,2.3
2005-11-01,1.7,2.4,8,:,2.1,2.3,1.9,3.4,3.4,0.9,1.8,3.9,2.2,1.1,2.4,3.6,1.6,1.9,1.1,2.5,8.8,1.2,2,3.6,2.1
2005-12-01,1.5,2.8,7.4,1,2,2.1,2.3,3.5,3.7,1,1.8,4,1.9,1,2,3.5,2,1.9,0.8,2.5,8.7,1.2,2.4,3.8,1.9
2006-01-01,1.5,2.7,7.6,1.4,2.5,2.1,2,3,4.2,1.2,2.2,4.3,2.3,1.3,2.2,4.1,1.7,1.8,0.9,2.7,9,1.2,2.6,4.1,1.9
2006-02-01,1.5,2.9,9.4,1.3,2.5,2.1,2.1,3.1,4.1,1.3,2,4.1,2.7,1.3,2.2,3.8,1.5,2.7,0.9,3,8.6,1,2.3,4.3,2
2006-03-01,1.3,2.1,9.1,1,2.4,1.9,1.8,3.3,3.9,1.2,1.7,3.7,2.8,2,2.2,3.8,1.4,2.4,1,3.8,8.4,1.4,2,4.3,1.8
2006-04-01,2.1,2.5,8.5,1,2.3,2.2,1.9,3.5,3.9,1.5,2,3.6,2.8,3.3,2.4,3.4,1.8,2.9,1.2,3.7,7,1.8,2.8,4.4,2
2006-05-01,2.1,2.8,9,1.2,2.8,2.1,2,3.3,4.1,1.7,2.3,4.1,3.1,4.8,2.3,3.6,1.8,2.5,1.5,3.6,7.3,1.9,3.4,4.8,2.2
2006-06-01,1.9,2.5,8.4,1.4,2.3,2.1,2.1,3.4,4,1.5,2.2,4.1,2.8,5.8,2.4,3.9,1.8,2.2,1.4,3.5,7.2,1.9,3,4.5,2.5
2006-07-01,1.9,2.4,7.8,1.3,2.3,2.1,2,3.9,4,1.3,2.2,3.1,3,6.3,2.4,3.4,1.8,2.3,1.4,3,6.3,1.7,1.9,5,2.4
2006-08-01,2.1,2.3,7,1.3,2.6,1.7,2,3.5,3.8,1.3,2.1,3.2,3.1,7.1,2.3,3.1,1.9,2,1.7,2.7,6.1,1.6,3.1,5,2.5
2006-09-01,1.4,1.9,5.3,0.7,2.2,0.9,1.4,3.1,2.9,0.8,1.5,2.7,2.2,6.1,2.5,2,1.5,2.9,1.4,3,5.5,1.2,2.5,4.5,2.4
2006-10-01,1.2,1.7,5.2,0.1,0.8,1,1.4,3.1,2.6,1,1.2,2.2,2.2,5.8,1.9,0.6,1.4,2.9,1.1,2.6,4.8,1.2,1.6,3.1,2.4
2006-11-01,1.5,2,5.9,0.3,1,1.5,1.8,3.2,2.7,1.3,1.6,2.4,2.4,6.2,2,1.8,1.6,2.6,1.2,2.4,4.7,1.5,2.5,3.6,2.7
2006-12-01,1.6,2.1,6.1,0.5,1.5,1.4,1.6,3.2,2.7,1.2,1.7,2.1,3,5.9,2.1,2.2,1.7,2.2,1.4,2.5,4.9,1.5,3,3.7,3
2007-01-01,1.7,1.7,6.7,0,1.3,1.7,1.8,3,2.4,1.3,1.4,1.9,3,6.3,1.9,2.3,1.2,1.3,1.6,2.6,4.1,1.6,2.8,2.2,2.7
2007-02-01,1.7,1.8,4.6,0.1,1.6,1.9,1.9,3,2.4,1.2,1.2,1.5,2.7,6.7,2.1,1.8,1.4,0.8,2,2.3,3.9,1.7,2.3,2,2.8
2007-03-01,1.9,1.8,4.4,0.3,2.1,2,2,2.8,2.5,1.6,1.2,2,3,4.7,2,2.4,1.9,1.3,2.4,2.4,3.7,1.6,2.7,2,3.1
2007-04-01,1.8,1.8,4.4,0.6,2.5,2.1,1.6,2.6,2.5,1.5,1.3,2,2.9,4.2,1.8,2.5,1.9,0.5,2.1,2.8,3.8,1.6,2.9,2,2.8
2007-05-01,1.9,1.3,4.5,0.5,2.4,2,1.7,2.6,2.4,1.3,1.2,2,2.7,4,1.9,2.3,2,0.6,2.2,2.4,3.9,1.2,3.2,1.5,2.5
2007-06-01,1.9,1.3,5.3,0.7,2.6,2,1.3,2.6,2.4,1.4,1.3,1.4,2.8,3,2,2.3,1.8,0.6,2.6,2.4,3.9,1.3,3.8,1.5,2.4
2007-07-01,2,1.3,6.8,0.7,2.6,2.1,1,2.7,2.3,1.6,1.2,1.7,2.7,2.6,1.6,2.1,1.4,0.6,2.5,2.3,4.1,1.4,4,1.2,1.9
2007-08-01,1.7,1.1,9.3,0.5,2.6,1.9,0.8,2.7,2.2,1.3,1.3,2.2,2.4,1.8,1.6,1.9,1.1,0.7,2,1.9,5,1.2,3.5,1.2,1.8
2007-09-01,2.1,1.4,11,0.8,2.9,2.6,1.1,3,2.7,1.7,1.6,3.4,2.9,2.1,1.7,2.5,1.3,-0.2,2.7,2,6.1,1.6,3.6,1.7,1.8
2007-10-01,2.9,2.2,10.6,1.3,4,2.6,1.7,3,3.6,1.8,2.1,3.9,3,2.3,2.3,3.6,1.6,-0.2,3.2,2.5,6.9,1.9,5.1,2.4,2.1
2007-11-01,3.2,2.9,11.4,1.8,5.2,3.3,2.5,3.9,4.1,2.2,2.6,4.5,3.5,2.8,2.5,4,1.8,1,3.8,2.8,6.8,2.4,5.8,2.3,2.1
2007-12-01,3.5,3.1,11.6,2,5.4,3.1,2.4,3.9,4.3,1.9,2.8,5.4,3.2,3.5,2.8,4.3,1.6,2.1,4.3,2.7,6.7,2.5,5.7,2.5,2.1
2008-01-01,3.1,3.5,11.7,2.6,7.9,3,3.1,3.9,4.4,3.4,3.2,5.8,3.1,3.1,3.2,4.2,1.8,2.8,4.4,2.9,7.3,3,6.4,3.2,2.2
2008-02-01,3.1,3.6,12.2,2.3,7.7,3,3.2,4.6,4.5,3.3,3.2,5.4,3.4,4.5,3,4.2,2,3.1,4.5,2.9,8,2.9,6.3,3.4,2.5
2008-03-01,3.5,4.4,13.2,2.5,7.1,3.3,3.3,4.4,4.6,3.6,3.5,5.4,3.8,6.9,3.6,4.4,1.9,2.8,4.4,3.2,8.7,3.3,6.6,3.6,2.5
2008-04-01,3.4,4.1,13.4,2.2,6.8,2.6,3.4,4.4,4.2,3.3,3.4,5.4,3.4,10.7,3.4,4.3,1.7,2.7,4.2,2.5,8.7,3.2,6.2,3.6,3
2008-05-01,3.8,5.1,14,2.7,6.8,3.2,3.6,4.9,4.7,4.1,3.7,6.1,3.7,11.7,3.8,4.8,2.1,2.8,4.3,2.8,8.5,3.7,6.2,4,3.3
2008-06-01,4,5.8,14.7,2.9,6.7,3.4,4.2,4.9,5.1,4.3,4,7.3,3.9,12.5,4,5.3,2.3,3,4.4,3.4,8.7,4,6.8,4.3,3.8
2008-07-01,3.8,5.9,14.4,3.3,6.8,3.4,4.3,4.9,5.3,4.3,4,8,3.5,13.6,4,5.8,3,4,4.6,3.1,9.1,3.8,6.9,4.4,4.4
2008-08-01,3.6,5.4,11.8,3.1,6.3,3.3,4.8,4.8,4.9,4.6,3.5,7.1,3.2,15.3,4.3,4.8,3,4,4.4,3.1,8.1,4.1,6,4.5,4.7
2008-09-01,3.7,5.5,11.4,2.8,6.3,3,4.5,4.7,4.6,4.7,3.4,6.2,3.2,15.4,3.9,4.8,2.8,4.8,4.1,3.2,7.4,4.2,5.5,4.6,5.2
2008-10-01,3,4.8,11.2,2.6,5.8,2.6,3.8,4,3.6,4.4,3,5.7,2.8,17.9,3.6,3.9,2.5,5.1,3.9,2.5,7.4,3.5,4.8,4.2,4.5
2008-11-01,2.3,3.2,8.8,1.2,4.1,1.4,2.8,3,2.4,3.5,1.9,4.5,2.1,19.8,2.8,2,1.9,3.2,3.5,1.4,6.8,2.4,2.9,3.9,4.1
2008-12-01,1.5,2.7,7.2,0.3,3.3,1.1,2.5,2.2,1.4,3.4,1.2,2.8,1.3,21,2.4,0.7,1.7,2.5,3.3,0.8,6.4,2.1,1.8,3.5,3.1
2009-01-01,1.2,2.1,6,-0.1,1.4,1,1.7,2,0.8,2.5,0.8,3.2,1.2,21.9,1.4,0,1.7,2.5,3.2,0.1,6.8,2.1,1.4,2.7,3
2009-02-01,1.3,1.9,5.3,-0.1,1.3,1.1,1.7,1.8,0.7,2.7,1,3.8,0.1,21.6,1.6,0.8,1.9,2.9,3.6,0.1,6.9,2.2,2.1,2.4,3.2
2009-03-01,0.6,0.6,4,-0.7,1.8,0.3,1.5,1.5,-0.1,2,0.4,3.4,-0.8,19.9,1.1,-0.3,1.8,2.5,4.1,-0.6,6.7,1.9,1.6,1.8,2.9
2009-04-01,0.5,0.7,3.8,-0.6,1.2,0.7,1.1,1.1,-0.2,2.1,0.1,3.5,-0.8,16.3,1.2,-0.3,1.8,3,4.4,-0.5,6.4,1.8,1.1,1.4,2.3
2009-05-01,0.1,-0.2,3,-1.2,1,-0.1,1,0.7,-0.9,1.5,-0.3,2.5,-1.7,15.8,0.8,-0.9,1.5,3,4.3,-1.3,5.9,1.7,0.5,1.1,2.2
2009-06-01,-0.3,-1.1,2.6,-1.3,0.8,0,0.9,0.7,-1,1.6,-0.6,1.9,-2.1,16.7,0.5,-1,1.4,3.5,4.2,-1.6,5.8,1.6,0.2,0.7,1.8
2009-07-01,-0.4,-1.7,1,-1.4,-0.1,-0.7,0.7,0.7,-1.3,1.2,-0.8,1.2,-2.5,16.5,-0.1,-1.5,-0.1,2.1,4.5,-1.5,5,1.8,-0.6,0.6,1.8
2009-08-01,0.2,-0.7,1.3,-1,0,0,0.8,1,-0.7,1.3,-0.2,1.5,-2.4,16,0.1,-0.2,-0.1,1.9,4.4,-1.2,4.9,1.9,0.1,0.5,1.6
2009-09-01,0,-1,0.2,-1.1,-0.3,-0.4,0.4,0.7,-0.9,1.1,-0.4,0.9,-2.9,15.3,0.3,-0.4,0,1.4,4,-1.8,4.9,1.4,0,0,1.1
2009-10-01,0.1,-0.9,0.3,-1,-0.5,-0.1,0.8,1.2,-0.6,0.6,-0.2,1.2,-2.9,13.8,0.3,-0.2,0.4,0.8,3.8,-1.6,4.3,1.8,0.1,-0.1,1.5
2009-11-01,0.6,0,0.9,-0.1,0.1,0.3,1,2.1,0.4,1.3,0.5,1.8,-2.8,12.4,0.9,1.7,0.7,1.9,3.9,-0.8,4.6,2.4,1.8,0,1.9
2009-12-01,1.1,0.3,1.6,0.1,0.6,0.9,1.1,2.5,0.9,1.8,1,1.8,-2.6,11.3,1.1,2.5,0.7,2.3,3.9,-0.1,4.7,2.8,2.1,0,2.9
2010-01-01,1.2,0.8,1.8,0.9,0.2,0.7,1.9,2.3,0.7,1.6,1.2,1.3,-2.5,10.6,1.3,3,0.4,2.8,4,0.1,5.2,2.7,1.8,-0.2,3.5
2010-02-01,0.9,0.8,1.7,0.9,0.3,0.4,1.9,2.9,0.4,1.3,1.4,0.9,-2.4,10.7,1,2.3,0.4,3.1,3.4,0.2,4.5,2.8,1.5,-0.2,3
2010-03-01,1.8,1.9,2.4,1.4,0.3,1.2,2.1,3.9,2.7,1.5,1.7,1.1,-2.4,11.6,1.4,3.2,0.7,3.7,2.8,0.6,4.2,2.5,1.7,0.3,3.4
2010-04-01,1.8,2,3,1.3,0.9,1,2.4,4.8,2.4,1.6,1.9,0.8,-2.4,11.1,1.8,3.1,0.7,3.3,2.6,0.7,4.3,2.1,2.6,0.7,3.7
2010-05-01,1.7,2.5,3,1,1,1.2,2.1,5.3,2.5,1.4,1.9,0.9,-1.9,9.9,1.5,3.1,0.4,2.5,2.3,1.1,4.4,1.8,2.4,0.7,3.4
2010-06-01,1.8,2.7,2.5,0.5,0.9,0.9,1.6,5.2,2.1,1.3,1.7,0.6,-2,7.6,1.4,2.3,0.2,1.8,2.3,1.1,4.3,1.6,2.1,0.7,3.2
2010-07-01,1.7,2.4,3.2,0.4,1.6,1.2,2.2,5.5,1.8,1.3,1.9,0.9,-1.2,6.2,1.8,2.9,1.3,1.8,2,1.9,7.1,1.4,2.3,1,3.1
2010-08-01,1.6,2.4,3.2,0.2,1.5,1,2.3,5.6,1.6,1.3,1.6,0.8,-1.2,5.9,1.7,2.5,1.2,1.7,1.9,2,7.6,1.1,2.4,1.1,3.1
2010-09-01,1.7,2.9,3.6,0.2,1.9,1.2,2.6,5.7,2.8,1.4,1.8,1.4,-1.1,5.1,1.6,2.7,1.4,1.3,2.4,2,7.7,1.5,2,1.1,3.1
2010-10-01,2,3.1,3.6,0.2,1.7,1.3,2.3,5.2,2.5,2.4,1.8,1.4,-0.7,4.6,2,2.9,1.4,1.8,2.8,2.3,7.9,1.6,2.1,1,3.2
2010-11-01,1.8,3,4,0.2,1.9,1.5,2.4,4.8,2.3,2.4,1.8,1.2,-0.9,3.8,1.8,2.5,1.4,1.6,2.5,2.2,7.7,1.7,1.6,1,3.3
2010-12-01,2.2,3.4,4.4,0.5,2.3,1.8,2.8,5.2,2.9,2.8,2,1.7,-0.2,3.5,2.1,3.1,1.8,2.7,2.9,2.4,7.9,2.1,2.2,1.3,3.7
2011-01-01,2.5,3.5,4.3,0,2,2,2.6,4.9,3,3.1,2,1.8,0.3,2.2,2,3.4,1.9,2,3.5,3.6,7,1.4,2.3,3.2,4
2011-02-01,3.2,3.5,4.6,0.4,2,2.3,2.6,4.1,3.4,3.5,1.8,2.2,0.9,2.3,2.2,3.9,2,1.2,3.4,3.5,7.6,1.2,2,3.5,4.4
2011-03-01,3.3,3.3,4.6,0.9,1.8,2.4,2.6,4.3,3.3,3.5,2.2,2.5,1.2,2.3,2.8,4,1.8,0.9,4,3.9,8,1.4,2.4,3.8,4
2011-04-01,3.7,3.1,3.3,0.1,1.6,2.7,2.9,3.7,3.5,3.4,2.2,2.3,1.5,3,2.9,4,2.1,1.4,4.1,4,8.4,1.8,2,3.9,4.5
2011-05-01,3.7,2.9,3.4,0.3,1.9,2.5,3,3.1,3.4,3.4,2.2,2.5,1.2,4.3,3,3.8,2.3,1.6,4.3,3.7,8.5,1.7,2.4,4.2,4.5
2011-06-01,3.7,3.3,3.5,0.6,2,2.4,3,3.1,3,3.4,2.3,2,1.1,4.8,3,3.8,2.3,1.3,3.7,3.3,8,1.5,1.6,4.1,4.2
2011-07-01,3.8,4,3.4,0.2,1.9,2.6,2.9,2.1,3,3.7,2.1,1.9,1,5.2,2.1,3.2,3.2,1.6,3.6,3,4.9,1.6,1.1,3.8,4.4
2011-08-01,3.7,3.4,3.1,-0.4,2,2.5,2.4,1.4,2.7,3.5,2.4,2.1,1,5,2.3,3.7,3.2,1.2,4,2.8,4.3,1.6,1.2,4.1,4.5
2011-09-01,3.9,3.2,2.9,0.3,2.2,2.8,2.3,2.9,3,3.5,2.4,2.1,1.4,5.6,3.7,3.8,3,1.6,3.4,3.5,3.5,1.5,2.3,4.4,5.2
2011-10-01,3.8,3.2,3,-0.3,2.7,2.8,2.7,2.9,3,3.2,2.5,2.5,1.6,5.3,3.7,3.8,2.8,1.4,3.8,4,3.6,1.1,2.9,4.6,5
2011-11-01,3.8,3.5,2.6,-0.7,2.9,2.7,2.5,2.8,2.9,3.2,2.7,2.5,1.8,5.1,3.7,4,2.6,1.2,4.4,3.8,3.5,1.1,2.8,4.8,4.8
2011-12-01,3.4,3.2,2,-0.4,2.8,2.2,2.4,2.2,2.3,2.6,2.7,2.1,1.5,5.3,3.7,3.4,2.5,-0.1,4.6,3.5,3.2,0.4,2.1,4.6,4.2
2012-01-01,2.9,3.3,1.9,-0.9,3.8,2.4,2.7,2.1,2,3,2.6,1.4,1.2,6.2,3.4,3.2,2.9,0.2,4.1,3.3,2.8,0.8,2.2,4,3.6
2012-02-01,2.6,3.4,2,-1.1,3.9,2.6,2.7,1.7,1.9,3,2.5,1.6,1.5,6.7,3.5,3.3,2.9,1,4.3,3.5,2.7,1,2.8,4,3.4
2012-03-01,2.6,3.1,1.7,-1.1,4.1,2.3,2.7,1.3,1.8,2.9,2.6,2.1,2.2,7.8,3.8,2.9,2.9,0.4,4,3.1,2.5,1.1,2.5,3.9,3.5
2012-04-01,2.3,2.9,2.1,-1.1,3.9,2.2,2.2,1.5,2,3,2.4,2.6,1.8,7.2,3.7,3,2.8,-0.1,4,2.9,1.9,1,2.9,3.7,3
2012-05-01,2.2,2.6,1.8,-1.1,3.6,2.1,2.1,0.9,1.9,3.1,2.3,3.5,1.8,6,3.6,2.7,2.5,0.2,3.6,2.7,2,0.9,2.4,3.4,2.8
2012-06-01,2.2,2.2,1.6,-1.3,3.8,1.9,2.2,1,1.8,2.9,2.3,3.6,1.8,6.9,3.7,2.6,2.5,0,4.3,2.7,2.2,0.9,2.4,3.7,2.4
2012-07-01,2.1,2,2.4,-0.7,3.4,1.9,2.2,0.9,2.2,3.1,2.2,3.4,2,5.4,3.6,2.7,2.6,-0.2,4.1,2.8,3.1,0.7,2.6,3.8,2.6
2012-08-01,2.3,2.6,3.1,-0.4,3.5,2.3,2.6,1.1,2.7,3.3,2.4,4.1,2.6,4.5,3.4,2.8,2.6,0,3.9,3.1,4,0.9,3.1,3.8,2.5
2012-09-01,2.8,2.6,3.5,-0.3,3.5,2.2,2.6,0.3,3.5,3.4,2.2,4.8,2.5,5.3,3.4,3.2,2.5,0.1,3.9,2.9,5.4,1,3.7,3.8,2.2
2012-10-01,2.9,2.7,3,-0.1,3.6,2.1,2.3,0.9,3.5,3.5,2.1,4.6,2,5.1,2.8,3.2,3.3,0.7,3.4,2.1,5,1.2,3.2,3.9,2.7
2012-11-01,2.9,2.2,2.7,-0.1,2.8,1.9,2.3,0.4,3,3.2,1.6,4.1,1.5,6,2.6,2.7,3.2,0.7,2.7,1.9,4.4,0.8,2.8,3.5,2.7
2012-12-01,2.9,2.1,2.8,-0.3,2.4,2.1,1.9,0.3,3,3.4,1.5,4.4,1.7,5.1,2.6,2.5,3.4,1.2,2.1,2.1,4.6,1,3.1,3.4,2.7
2013-01-01,2.8,1.5,2.6,-0.1,2,1.9,0.9,0,2.8,2.6,1.4,4.6,1.5,6.1,2.4,2.1,3.2,1.2,1.6,0.4,5.1,0.6,2.8,2.5,2.7
2013-02-01,2.6,1.5,2.2,0.1,1.7,1.8,1.1,0.1,2.9,2.4,1.2,4.4,1.2,6.2,2,2.4,3.2,0.6,1.2,0.2,4.9,0.5,2.9,2.3,2.8
2013-03-01,2.4,1.4,1.6,-0.3,1.5,1.9,0.7,-0.2,2.6,2.5,1.1,3.4,0.6,4.5,1.8,2,3.2,1.2,1,0.7,4.4,0.5,2.2,1.9,2.8
2013-04-01,2.1,1.2,0.9,-0.4,1.7,1.1,0.5,-0.6,1.5,2.4,0.8,3.1,0.5,4,1.2,1.7,2.8,1.8,0.8,0.4,4.4,0,1.6,1.7,2.4
2013-05-01,2.4,1.2,1,-0.2,1.2,1.5,0.7,-0.3,1.8,2.5,0.9,1.8,0.4,3.4,1.2,1.4,3.1,1.7,0.5,0.9,4.4,0.3,1.6,1.8,2.7
2013-06-01,2.2,1.6,1.2,0.2,1.5,2,0.6,-0.2,2.2,2.3,1,2.2,0.7,3.1,1.2,2,3.2,1.9,0.3,1.2,4.5,0.5,2.2,1.7,2.9
2013-07-01,2.1,1.6,0,0.5,1.4,2,0.4,-0.5,1.9,2.5,1.2,2.7,0.8,4.2,1.2,1.8,3.1,2.9,0.9,0.8,3.4,0.8,2.8,1.6,2.8
2013-08-01,2,1.1,-0.7,0.4,1.2,1.5,0.1,-1,1.6,2.1,1,2.4,0.1,4.7,1.1,1.7,2.8,3.3,0.8,0.2,2.6,0.8,2.3,1.4,2.7
2013-09-01,1.8,1,-1.3,0.2,1,1.5,0.1,-1,0.5,1.8,1,1.7,0,3.8,0.9,1.6,2.4,2.7,0.9,0.3,1.1,0.5,1.5,1.1,2.7
2013-10-01,1.5,0.7,-1.1,0,0.8,1.2,0.4,-1.9,0,1.7,0.7,0.8,-0.1,3.2,0.7,1,1.3,2.2,0.7,0,1.2,0.2,1.2,0.7,2.2
2013-11-01,1.5,0.9,-1,0.2,1,1.6,0.2,-2.9,0.3,1.8,0.8,0.7,0.3,3,0.6,1.1,1.2,2.4,0.5,0.1,1.3,0.3,1.2,0.5,2.1
2013-12-01,2,1.2,-0.9,0.2,1.5,1.2,0.5,-1.8,0.3,1.9,0.8,0.5,0.3,3.7,0.6,1.5,1.4,1.8,0.6,0.2,1.3,0.4,0.9,0.4,2
2014-01-01,1.5,1.1,-1.4,0.2,0.3,1.1,0.8,-1.4,0.3,1.9,0.8,0.4,0.3,1.5,0.6,1.5,0.8,2.1,0.6,0.1,1.2,0.2,0.9,0,1.9
2014-02-01,1.5,0.8,-2.1,-0.2,0.3,1,0.3,-0.9,0.1,1.6,1.1,-0.2,0.1,0.8,0.4,0.8,0.4,1.9,0.7,-0.1,1.3,0.1,0.2,-0.1,1.7
2014-03-01,1.5,0.8,-2,-0.1,0.3,0.7,0.2,-1.5,-0.2,1.3,0.8,-0.1,0.2,0.9,0.3,0.8,0.1,1.9,0.6,-0.4,1.3,-0.3,0.6,-0.2,1.6
2014-04-01,1.6,0.8,-1.3,0.1,0.1,1.1,0.5,-1.6,0.3,1.3,0.8,-0.1,0.3,1.3,0.5,0.9,0.6,1.6,0.3,-0.1,1.6,0.3,0.5,-0.2,1.8
2014-05-01,1.5,0.7,-1.8,0.2,0.5,0.7,0.3,-2.1,0.2,1,0.8,0.4,0.4,1.1,0.4,1.4,0.1,1.7,0.3,-0.3,1.3,0.2,1,0,1.5
2014-06-01,1.7,0.6,-1.8,-0.1,0,0.9,0.4,-1.5,0,1.1,0.6,0.5,0.5,1.3,0.3,1.2,0.3,1.8,0.3,-0.2,0.9,0.5,1,-0.1,1.9
2014-07-01,1.7,0.5,-1.1,-0.1,0.5,0.7,0.5,-0.8,-0.4,1,0.6,0.5,0.4,2.3,0,1.2,0.3,2.2,-0.1,-0.7,1.5,0.4,0.3,-0.1,1.6
2014-08-01,1.5,0.4,-1,0,0.7,0.8,0.3,-0.2,-0.5,1.2,0.5,0.3,0.6,2.3,-0.1,0.7,0.4,1.9,-0.1,-0.1,1.3,0.2,0,-0.2,1.5
2014-09-01,1.4,0.2,-1.4,0,0.8,0.8,0.3,-1.1,-0.3,1.5,0.4,0.2,0.5,0.4,-0.1,0.3,0.3,2,-0.3,0,1.8,0,-0.1,-0.1,1.2
2014-10-01,1.4,0.3,-1.5,0.1,0.8,0.7,0.2,-1.8,-0.2,1.2,0.5,0.5,0.4,1,0.2,0.4,0.4,2,-0.3,0.1,1.8,0.3,0,0,1.3
2014-11-01,1.5,0.1,-1.9,0.1,0.6,0.5,0.3,-1.2,-0.5,1.1,0.4,0.3,0.2,-0.6,0.3,0.2,0.3,1.9,-0.3,0.1,1.5,0.3,0,0,1
2014-12-01,0.8,-0.4,-2,-0.1,0,0.1,0.1,-2.5,-1.1,0.6,0.1,-0.1,-0.3,-0.4,0,-0.9,-0.1,2,-0.7,-0.3,1,0.3,-0.1,-0.1,0.5
2015-01-01,0.5,-0.6,-2.4,-0.1,-0.1,-0.5,-0.3,-2.8,-1.5,-0.1,-0.4,-0.6,-0.4,-0.1,-0.5,-1.2,-0.7,1.9,-1.1,-0.4,0.5,0.4,-0.7,-0.5,0.3
2015-02-01,0.5,-0.4,-1.7,-0.4,0,-0.2,-0.1,-1.9,-1.2,-0.1,-0.3,-0.4,-0.4,-0.8,0.1,-0.3,-0.5,1.7,-1.3,-0.1,0.4,0.7,-0.5,-0.6,0
2015-03-01,0.9,-0.1,-1.1,-0.4,0.1,0.3,0.3,-1.9,-0.8,0,0,0,-0.2,-0.1,0,0.1,-0.3,1.7,-1.2,0.4,0.8,0.7,-0.4,-0.4,0
2015-04-01,0.9,0.4,-0.9,-0.9,0.5,1,0.4,-1.8,-0.7,-0.1,0.1,-0.1,-0.3,-0.3,-0.1,0,0,1.7,-0.8,0.5,0.6,0.5,-0.8,-0.1,-0.1
2015-05-01,1,0.8,-0.3,-0.9,0.7,1.6,0.4,-1.4,-0.3,0.1,0.3,0,0.2,0.3,0.2,0.4,0.7,1.9,-0.6,1,1.3,0.9,-0.8,-0.1,0.1
2015-06-01,1,0.9,-0.6,-0.6,0.9,1.1,0.4,-1.1,0,0.1,0.3,0.1,0.4,0,0.2,0.5,0.5,2.6,-0.5,0.8,-0.9,0.4,-1,-0.1,0
2015-07-01,1.1,0.9,-1,-0.8,0.5,1.3,0.5,-1.3,0,-0.1,0.2,-0.2,0.2,0.5,0.4,0.2,0.8,1.5,-0.4,0.7,-1.4,0.8,-0.7,-0.2,0.1
2015-08-01,1,0.8,-0.8,-1.1,0.2,1.1,0.3,-0.4,-0.5,-0.2,0.1,-0.1,0.2,1.1,0.3,0.1,0.4,1.7,-0.4,0.7,-1.7,0.6,-0.6,-0.2,0
2015-09-01,0.6,0.9,-1,-1.2,0.3,0.8,0.3,-0.8,-1.1,-0.7,0.1,-0.5,-0.1,0.9,0.2,-0.2,0.3,1.9,-0.6,0.9,-1.5,0.9,-1,-0.5,-0.1
2015-10-01,0.7,1.2,-1.2,-1.1,0.1,1.2,0.1,-0.1,-0.9,-0.3,0.2,-0.5,-0.1,0.4,0.3,-0.1,0.4,2.4,-0.6,0.7,-1.4,0.9,-1.1,-0.5,-0.1
2015-11-01,0.5,1.4,-0.9,-1.2,0,0.2,0.1,-0.1,-0.4,-0.2,0.1,-0.4,-0.1,0.5,0.1,0.4,0.4,2.7,-0.5,0.6,-0.9,0.8,-0.9,-0.4,0.1
2015-12-01,1.1,1.5,-0.9,-1.3,-0.1,0.2,0.3,0.4,-0.1,-0.2,0.3,-0.3,0.2,0.7,0.1,0.9,0.5,2.4,-0.4,0.3,-0.7,0.7,-0.6,-0.5,0.2
2016-01-01,1.4,1.8,-0.4,-1.5,0.5,0.4,0.4,-0.1,-0.4,0,0.3,-0.2,0,1.1,0.4,0.5,0.2,3.1,-0.3,0.7,-1.5,1.3,-0.8,-0.6,0.3
2016-02-01,1,1.1,-1,-0.9,0.5,-0.1,0.1,0.1,-1,-0.1,-0.1,-0.6,-0.2,0.9,-0.2,-0.3,0.3,3.3,-0.2,0.2,-2.1,0.8,-0.9,-0.3,0.3
2016-03-01,0.7,1.6,-1.9,-1,0.3,0.1,-0.3,-0.7,-1,0,-0.1,-0.9,-0.6,0.3,-0.2,-0.6,0.5,3.6,-0.4,0.5,-2.4,1.2,-0.9,-0.5,0.5
2016-04-01,0.6,1.5,-2.5,-0.5,0.5,-0.3,-0.3,-0.4,-1.2,0.3,-0.1,-0.9,-0.2,0.4,-0.4,-0.6,-0.2,3.5,-0.5,0.5,-2.6,1,-0.7,-0.4,0.3
2016-05-01,0.6,1.6,-2.5,-0.5,0,-0.1,-0.1,-0.2,-1.1,0.3,0.1,-1.2,-0.2,1.5,-0.3,-0.6,-0.2,3.7,-0.4,0.4,-3,0.8,-0.5,-0.7,0.3
2016-06-01,0.6,1.8,-1.9,-0.6,-0.1,0.1,0.1,0.2,-0.9,0.3,0.3,-1.2,0.1,1.6,-0.2,-0.4,-0.2,4.1,-0.4,0.7,-0.7,1.2,0,-0.7,0.5
2016-07-01,0.6,2,-1.1,-0.5,0.5,0.3,0.1,0.2,-0.7,0.5,0.4,-1.1,0.1,1.1,-0.2,-0.4,-0.6,5,-0.6,0.7,-0.3,1.1,-0.1,-0.9,0.6
2016-08-01,0.6,2,-1.1,0,0.6,0.3,0,0.4,-0.3,0.5,0.4,-1.5,-0.4,0.7,-0.1,-0.2,0.1,4.5,-0.5,0.8,0.3,1.2,-0.2,-0.8,0.6
2016-09-01,1.1,1.8,-1.1,-0.3,0.5,0.6,-0.3,-0.1,0,0.5,0.5,-0.7,-0.3,1.1,0.1,0.3,-0.1,4.1,-0.2,0.7,-0.1,0.8,0.2,-0.5,1
2016-10-01,1.4,1.9,-1,-0.3,0.8,0.7,0.1,0.6,0.5,0.6,0.5,-0.3,-0.4,0.3,-0.1,0.7,0.3,4.1,0.1,1.1,0.1,1.1,0.7,-0.3,0.9
2016-11-01,1.5,1.7,-0.8,-0.2,1.6,0.8,0.1,-0.2,0.5,0.6,0.7,0.2,-0.2,0.6,0.1,0.6,0.4,3.9,0.2,0.5,-0.2,1.3,0.7,-0.2,1.2
2016-12-01,1.6,2.2,-0.5,-0.2,2.1,1.6,0.3,0.3,1.4,1.1,0.8,0.7,-0.2,-0.1,0.5,1.6,0.7,3.8,0.9,0.9,-0.1,1.7,0.6,0.2,1.6
2017-01-01,2.1,3.1,0.4,0.3,2.3,1.7,0.7,1.5,2.9,0.9,1.6,0.9,0.2,-0.6,1,2.5,1.6,2.9,1.4,1.3,0.3,1.5,1.5,0.8,1.8
2017-02-01,2.4,3.3,0.9,0.7,2.6,2.1,0.9,1.4,3,1.4,1.4,1.4,0.3,-0.2,1.6,2.7,1.7,2.7,1.9,1.6,0.5,1.9,2.5,1.2,2.3
2017-03-01,2.1,2.5,1,0.5,2.6,1.5,0.9,1.7,2.1,0.9,1.4,1.1,0.6,-1.4,1.4,2.5,0.6,2.5,1.8,1.4,0.4,1.4,2,1,2.3
2017-04-01,2.3,2.7,1.7,0.7,2.1,2,1,1.6,2.6,1,1.4,1.4,0.7,-0.8,2,2.6,1.4,2.3,1.8,2.4,0.6,2,1.7,0.8,2.7
2017-05-01,2.1,1.9,1.4,0.4,2.5,1.3,0.7,1.5,2,0.9,0.9,1,0,-2.5,1.6,1.9,0.7,2.2,1.5,1.7,0.5,1.8,1.5,1.1,2.9
2017-06-01,2,1.5,1.1,0.4,2.4,1.7,0.4,0.9,1.6,0.9,0.8,1.1,-0.6,-2.6,1.2,1.5,1,1.9,1.3,1,0.7,1.8,0.9,1,2.6
2017-07-01,2,1.8,0.6,0.6,2.4,1.7,1.5,0.9,1.7,0.6,0.8,1.2,-0.2,-1.9,1.2,1.8,1.5,1.4,1.4,1,0.9,2.3,1.2,1.5,2.6
2017-08-01,2.1,2,0.7,0.5,2.4,1.9,1.5,0.6,2,0.8,1,1.5,0.4,-2.6,1.4,2.3,1.5,1.3,1.4,1.3,0.6,2.2,1.4,1.6,2.9
2017-09-01,2.5,2,1.3,0.8,2.5,1.9,1.6,1,1.8,0.8,1.1,1.6,0.2,-2.7,1.3,2,1.4,1.6,1.6,1.6,1.3,2.2,1.4,1.8,3
2017-10-01,2.4,1.8,1.5,0.8,2.8,1.5,1.4,0.5,1.7,0.5,1.2,1.6,0.5,-1.2,1.1,2,1.3,1,1.6,1.9,2,1.7,1.3,1.8,3
2017-11-01,2.4,2.1,1.9,0.8,2.5,1.7,1.3,1.1,1.8,0.9,1.2,1.6,0.5,-2.2,1.1,2,1.5,1,2,1.8,2.6,1.9,1.4,2.1,3.1
2017-12-01,2.3,2.1,1.8,1.1,2.2,1.5,0.8,1,1.2,0.5,1.2,1.3,0.5,-1,1,1.6,1.2,1.5,1.7,1.6,2.6,1.7,1.9,2,3
2018-01-01,1.9,1.8,1.3,0.8,2.1,1.5,0.6,0.2,0.7,0.8,1.5,1.2,0.3,-0.7,1.2,1.3,1.5,1.6,1.6,1.1,3.4,1.6,1.7,2.6,3
2018-02-01,1.9,1.5,1.5,0.5,1.6,1.2,0.5,0.4,1.2,0.6,1.3,0.9,0.7,-1,0.5,1.1,1.3,2.3,0.7,0.7,3.8,1.6,1.4,2.2,2.7
2018-03-01,2,1.5,1.9,0.7,1.6,1.7,0.4,0.2,1.3,0.9,1.7,1.2,0.5,0.3,0.9,1.1,1,2.2,0.7,0.8,4,2,1.5,2.5,2.5
2018-04-01,2,1.6,1.7,0.4,1.8,1.3,0.7,0.5,1.1,0.8,1.8,1.4,-0.1,-0.7,0.6,1.3,1,2.6,0.9,0.3,4.3,1.8,1.9,3,2.4
2018-05-01,2.1,2.3,2.3,1,2,2.5,1,0.8,2.1,1,2.3,1.8,0.7,0,1,2.1,1.9,2.3,1.2,1.4,4.6,2,2.2,2.7,2.4
2018-06-01,2.3,2.6,3,0.9,2.4,2.1,1.1,1,2.3,1.2,2.3,2.2,0.7,1.4,1.4,2.4,1.7,2.7,1.4,2,4.7,2.1,2.3,2.9,2.4
2018-07-01,2.3,2.7,3.6,1.2,2.2,2.2,0.9,0.8,2.3,1.4,2.6,2.2,1,1.9,1.9,2.5,1.9,3.5,1.4,2.2,4.3,2.2,2.1,2.6,2.5
2018-08-01,2.3,2.6,3.7,1.3,2.4,2.1,0.8,0.9,2.2,1.4,2.6,2.1,0.9,2.1,1.6,2.4,1.9,3.9,1.4,1.3,4.7,2.1,2,2.9,2.7
2018-09-01,2.1,2.8,3.6,1.1,2.1,2.2,0.5,1.1,2.3,1.4,2.5,1.6,1.2,1.2,1.5,2.7,1.6,3.8,1.5,1.8,4.7,2.5,2.2,2.7,2.4
2018-10-01,2.4,3.2,3.6,1.1,2,2.6,0.7,1.8,2.3,1.7,2.5,1.7,1.1,0.9,1.7,2.8,1.9,3.6,1.5,0.8,4.2,2.4,2.3,2.5,2.4
2018-11-01,2.3,2.9,3,1,1.6,2.2,0.7,1.1,1.7,1.4,2.2,1.3,0.8,1.5,1.6,2.6,1.8,3.8,1.1,0.9,3.2,2.1,2.1,2,2.3
2018-12-01,1.7,2.2,2.3,0.8,1.6,1.7,0.7,0.6,1.2,1.3,1.9,1,0.8,2,1.2,1.9,1.8,3.9,0.9,0.6,3,2.2,1.4,1.9,2.1
2019-01-01,1.7,1.8,2.3,0.7,2,1.7,1.2,0.5,1,1.2,1.4,0.6,0.8,1.9,0.9,1.6,2,3.6,0.6,0.6,3.2,2,1.2,2.2,1.8
2019-02-01,1.4,2,2.4,0.7,2.4,1.7,1.1,0.8,1.1,1.3,1.6,0.8,0.7,1.1,1.1,2.1,2.6,3.4,1.3,0.9,4,1.9,1.3,2.3,1.9
2019-03-01,1.7,2.2,2.8,0.7,2.6,1.4,1.2,1,1.3,1.1,1.3,1.1,1.1,1.4,1.1,2.4,2.9,3.2,1.7,0.8,4.2,1.8,1.6,2.7,1.9
2019-04-01,1.7,2,3.1,1.1,2.4,2.1,0.9,1.1,1.6,1.5,1.5,0.8,1.7,3.3,1.1,2.2,3,3.1,2.1,0.9,4.4,2.1,1.8,2.4,2.1
2019-05-01,1.7,1.7,2.9,0.5,2.6,1.3,0.7,0.6,0.9,1.3,1.1,1,1,2.9,0.9,2.2,2.3,2.9,2.2,0.3,4.4,2.1,1.6,2.7,2
2019-06-01,1.6,1.3,2.3,0.7,2.4,1.5,0.5,0.2,0.6,1.1,1.4,0.5,1.1,2.3,0.8,1.5,2.7,2.1,2.3,0.7,3.9,1.6,1.9,2.7,2
2019-07-01,1.4,1.2,2.6,0.4,2.6,1.1,0.4,0.4,0.6,1,1.3,0.9,0.5,1.7,0.3,1.6,2.6,1.8,2.5,-0.7,4.1,1.5,2,3,2.1
2019-08-01,1.5,0.9,2.5,0.5,2.6,1,0.5,0.1,0.4,1.2,1.3,0.6,0.6,1.8,0.5,1.4,3.1,1.5,2.6,-0.1,4.1,1.3,2.4,3,1.7
2019-09-01,1.2,0.6,1.6,0.1,2.6,0.9,0.4,0.2,0.2,1,1.1,0.6,0.6,2.8,0.2,1.1,2.7,1.5,2.4,-0.3,3.5,1.3,1.7,3,1.7
2019-10-01,1,0.2,1.6,-0.3,2.6,0.9,0.6,-0.3,0.2,0.9,0.9,0.6,0.6,1.9,0.2,0.8,2.8,1.7,2.3,-0.1,3.2,1.6,1.5,2.9,1.5
2019-11-01,1.2,0.4,2.2,-0.3,3,1.2,0.6,0.5,0.5,0.8,1.2,0.8,0.8,2.2,0.2,1,2.6,1.5,2.4,0.2,3.8,1.8,1.4,3.2,1.5
2019-12-01,1.8,0.9,3.1,-0.1,3.2,1.5,0.8,1.1,0.8,1.1,1.6,1.3,1.1,0.9,0.5,1.8,2.8,1.2,3,0.4,4,1.7,2,3.2,1.3
2020-01-01,2.2,1.4,3.4,0.2,3.8,1.6,0.8,1.1,1.1,1.2,1.7,1.8,1.1,0.6,0.4,2.5,1.7,1.7,3.8,0.8,3.9,1.5,2.3,3.2,1.8
2020-02-01,2.2,1,3.1,-0.2,3.7,1.7,0.7,0.4,0.9,1.1,1.6,1.2,0.9,2.7,0.2,1.8,1.3,0.7,4.1,0.5,2.9,1.3,2,3.1,1.7
2020-03-01,1.6,0.4,2.4,-0.4,3.6,1.3,0.3,0.2,0.1,0.9,0.8,0.5,0.5,1,0.1,0.3,1.1,0.5,3.9,0.1,2.7,0.8,0.7,2.4,1.5
2020-04-01,1.5,0,1.3,-1,3.3,0.8,-0.1,-0.9,-0.7,-0.3,0.4,-0.1,-0.3,-0.1,0.1,-0.8,1,0.6,2.9,-0.1,2.3,-0.2,-1.3,2.1,0.8
2020-05-01,0.6,-0.2,1,-1,3.1,0.5,-0.2,-0.7,-0.9,-0.1,0.4,-0.7,-0.8,0.9,-0.3,-1.6,1.1,1.1,3.4,-0.6,1.8,0.1,-1.4,2.1,0.5
2020-06-01,1.1,0.2,0.9,-1.3,3.4,0.8,0.2,-1.9,-0.3,0.1,0.2,-0.4,-0.6,0.3,-0.4,-0.4,1.7,1.3,3.8,0.2,2.2,0.9,-0.8,1.8,0.6
2020-07-01,1.8,1.7,0.4,-1.2,3.6,0,0.4,-2.1,-0.7,0.7,0.9,-0.6,-0.6,-0.1,0.8,0.1,1.6,1.4,3.7,-0.1,2.5,0.7,-0.3,1.8,1
2020-08-01,1.4,-0.9,0.6,-1.4,3.5,-0.1,0.4,-2.3,-0.6,0.3,0.2,-0.4,-1.1,0.9,-0.5,-0.2,0.3,1.6,3.7,-0.2,2.5,1,-0.7,1.4,0.2
2020-09-01,1.2,0.5,0.6,-1.1,3.3,-0.4,0.5,-2.3,-0.6,0.3,0,-0.3,-1.2,1.4,-1,-0.3,1,1.4,3.8,-0.8,2.1,0.6,-0.7,1.4,0.5
2020-10-01,1.1,0.4,0.6,-0.9,2.9,-0.5,0.3,-2,-0.9,0.2,0.1,-0.2,-1.5,1.7,-0.6,-0.4,1.2,1.7,3.8,-0.6,1.8,0.4,-0.5,1.6,0.7
2020-11-01,1.1,0.2,0.3,-0.8,2.8,-0.7,0.4,-2.1,-0.8,0.2,0.2,0,-1,2.6,-0.3,-0.7,0.7,0.4,3.7,-0.4,1.7,0.2,-1.1,1.6,0.3
2020-12-01,1,0.4,0,-1,2.4,-0.7,0.4,-2.4,-0.6,0.2,0,-0.3,-1,2.3,-0.3,-0.3,0.9,1.4,3.4,-0.3,1.8,0.6,-1.2,1.6,:
2021-01-01,1.1,0.6,-0.3,-0.6,2.2,1.6,0.4,-2.4,0.4,1,0.8,0,-0.1,3.5,0.7,1.1,1.6,2.7,3.6,0.2,2,1.9,-0.9,0.7,:
2021-02-01,1.4,0.3,0.2,-0.4,2.1,1.6,0.5,-1.9,-0.1,0.9,0.8,0.7,-0.4,2.8,1,-0.5,1.9,3.6,3.6,0.3,2.5,1.8,-1.1,0.9,:
2021-03-01,2,1.6,0.8,-0.2,2.3,2,0.9,-2,1.2,1.4,1.4,1.6,0.1,3.8,0.6,2.5,1.9,3.4,4.4,0.1,2.5,2.1,0.1,1.5,:
2021-04-01,1.9,2.1,2,-0.1,3.1,2.1,1.5,-1.1,2,2.2,1.6,2.1,1.1,3.5,1,3.3,1.7,3.2,5.1,-0.1,2.7,2.8,2.2,1.7,:
2021-05-01,3,2.5,2.3,0.3,2.7,2.4,1.9,-1.2,2.4,2.3,1.8,2.4,1.9,3.3,1.2,4,2,2.8,4.6,0.5,3.2,2.4,2.2,2,:
2021-06-01,2.8,2.6,2.4,0.5,2.5,2.1,1.9,0.6,2.5,1.9,1.9,2.2,1.6,4,1.3,3.4,1.7,3,4.1,-0.6,3.5,1.8,1.7,2.5,:
2021-07-01,2.8,1.4,2.2,0.5,2.7,3.1,1.7,0.7,2.9,1.8,1.5,2.7,2.2,3.7,1,3.3,1.4,3.3,4.7,1.1,3.8,1.8,2,2.9,:
2021-08-01,3.2,4.7,2.5,0.8,3.1,3.4,1.8,1.2,3.3,1.8,2.4,3.1,3,3.7,2.5,3.5,2.7,3.8,5,1.3,4,2.5,2.1,3.3,:
2021-09-01,3.3,3.8,4,0.8,4,4.1,2.4,1.9,4,2.1,2.7,3.5,3.8,3.8,2.9,4,3,4.8,5.6,1.3,5.2,3,2.7,4,:
2021-10-01,3.8,5.4,5.2,1.3,4.8,4.6,3.2,2.8,5.4,2.8,3.2,3.9,5.1,4.2,3.2,5.3,3.7,4,6.4,1.8,6.5,3.3,3.5,4.4,:
2021-11-01,4.1,7.1,6.3,1.5,4.8,6,3.8,4,5.5,3.5,3.4,4.7,5.4,3.9,3.9,6.3,5.9,5.8,7.4,2.6,6.7,3.9,4.9,4.8,:
2021-12-01,3.8,6.6,6.6,1.3,5.4,5.7,3.4,4.4,6.6,3.2,3.4,5.2,5.7,3.9,4.2,5.4,6.4,6.1,8,2.8,6.7,4.5,5.1,5.1,:
2022-01-01,4.5,8.5,7.7,1.4,8.8,5.1,4.9,5.5,6.2,4.1,3.3,5.5,5,4.3,5.1,4.6,7.6,3.1,8.7,3.4,7.2,3.9,6,7.7,:
2022-02-01,5.5,9.5,8.4,1.9,10,5.5,5.3,6.3,7.6,4.4,4.2,6.3,5.7,4.4,6.2,7.8,7.3,3.5,8.1,4.4,7.9,4.4,7,8.3,:
2022-03-01,6.6,9.3,10.5,2.2,11.9,7.6,6,8,9.8,5.8,5.1,7.3,6.9,5,6.8,7.9,11.7,4.7,10.2,5.5,9.6,6.3,6,9.6,:
2022-04-01,7.1,9.3,12.1,2.3,13.2,7.8,7.4,9.1,8.3,5.8,5.4,9.6,7.3,5.6,6.3,9,11.2,5.9,11.4,7.4,11.7,6.6,7.4,10.9,:
2022-05-01,7.7,9.9,13.4,2.7,15.2,8.7,8.2,10.5,8.5,7.1,5.8,10.7,8.3,5.4,7.3,9.1,10.2,6.2,12.8,8.1,12.4,7.5,8.7,11.8,:
2022-06-01,8.7,10.5,14.8,3.2,16.6,8.2,9.1,11.6,10,8.1,6.5,12.1,9.6,5.4,8.5,10.3,9.9,7,14.2,9,13,8.9,10.8,12.6,:
2022-07-01,9.4,10.4,14.9,3.3,17.3,8.5,9.6,11.3,10.7,8,6.8,12.7,9.6,6.4,8.4,9.3,11.6,7.3,14.2,9.4,13,8.3,11.7,12.8,:
2022-08-01,9.3,10.5,15,3.3,17.1,8.8,9.9,11.2,10.5,7.9,6.6,12.6,9,5.5,9.1,8.6,13.7,7.1,14.8,9.3,13.3,9.5,11.5,13.4,:
2022-09-01,11,12.1,15.6,3.2,17.8,10.9,11.1,12.1,9,8.4,6.2,12.6,8.6,5.9,9.4,8.8,17.1,7.7,15.7,9.8,13.4,10.3,10.6,13.6,:
2022-10-01,11.6,13.1,14.8,2.9,15.5,11.6,11.4,9.5,7.3,8.4,7.1,12.7,9.4,6.4,12.6,8.8,16.8,8.4,16.4,10.6,13.5,9.8,10.3,14.5,:
2022-11-01,11.2,10.5,14.3,2.9,17.2,11.3,9.7,8.8,6.7,9.1,7.1,13,9,7,12.6,7.3,11.3,7.3,16.1,10.2,14.6,10.1,10.8,15.1,:
2022-12-01,10.5,10.2,14.3,2.7,16.8,9.6,9.6,7.6,5.5,8.8,6.7,12.7,8.2,7.2,12.3,6.2,11,6.3,15.3,9.8,14.1,10.8,10.8,15,:
2023-01-01,11.6,7.4,14.3,3.2,19.1,9.2,8.4,7.3,5.9,7.9,7,12.5,7.5,8.1,10.7,5.8,8.4,8,15.9,8.6,13.4,9.6,9.9,15.1,:
2023-02-01,11,5.4,13.7,3.2,18.4,9.3,8.3,6.5,6,8,7.3,11.7,8.1,8.8,9.8,4.8,8.9,7.2,17.2,8.6,13.4,9.7,9.4,15.4,:
2023-03-01,9.2,4.9,12.1,2.7,16.5,7.8,7.3,5.4,3.1,6.7,6.7,10.5,7,8.6,8.1,2.9,4.5,7.3,15.2,8,12.2,8.1,10.4,14.8,:
2023-04-01,9.4,3.3,10.3,2.6,14.3,7.6,5.6,4.5,3.8,6.3,6.9,8.9,6.3,8.3,8.6,2.7,5.8,6.9,14,6.9,10.4,7.7,9.2,14,:
2023-05-01,8.7,2.7,8.6,2.2,12.5,6.3,2.9,4.1,2.9,5,6,8.3,5.4,8,8,2,6.8,7.2,12.5,5.4,9.6,6.7,8.1,12.3,:
2023-06-01,7.8,1.6,7.5,1.8,11.2,6.8,2.4,2.8,1.6,4.1,5.3,8.3,4.8,8,6.7,1,6.4,6.8,11,4.7,9.3,6.3,6.6,11.3,:
2023-07-01,7,1.7,7.8,2.1,10.2,6.5,3.2,3.5,2.1,4.2,5.1,8,4.6,7.5,6.3,2,5.3,5.6,10.3,4.3,8.9,6.3,5.7,10.3,:
2023-08-01,7.5,2.4,7.5,1.9,10.1,6.4,2.3,3.5,2.4,3.1,5.7,8.4,4.9,8.3,5.5,3.5,3.4,4.9,9.5,5.3,9.3,4.5,6.1,9.6,:
2023-09-01,5.8,0.7,6.4,2,8.3,4.3,0.6,2.4,3.3,3,5.7,7.4,5,8.5,5.6,3.4,-0.3,2.8,7.7,4.8,9.2,3.7,7.1,9,:
2023-10-01,4.9,-1.7,5.9,2,9.5,3,-0.4,3.8,3.5,2.4,4.5,6.7,3.6,7.6,1.8,2.1,-1,3.7,6.3,3.2,8.3,4,6.6,7.8,:
2023-11-01,4.9,-0.8,5.5,1.6,8,2.3,0.3,2.9,3.3,0.7,3.9,5.5,2.5,7.4,0.6,2.1,1.4,4.5,6.3,2.2,6.9,3.3,4.5,6.9,:
2023-12-01,5.7,0.5,5,2.1,7.6,3.8,0.4,3.7,3.3,1.3,4.1,5.4,3.2,6.9,0.5,3.2,1,4.7,6.2,1.9,7,1.9,3.8,6.6,:
2024-01-01,4.3,1.5,3.9,1.5,2.7,3.1,0.9,3.2,3.5,1.1,3.4,4.8,2.7,5.6,0.9,3,3.1,4.6,4.5,2.5,7.3,3.4,3.4,4.4,:
2024-02-01,4,3.6,3.5,1.2,2.2,2.7,0.6,3.1,2.9,1.1,3.2,4.8,2.3,5.3,0.8,3.2,2.7,4.4,3.7,2.3,7.1,2.6,3.4,3.8,:
2024-03-01,4.1,3.8,3.1,1.1,2.2,2.3,0.8,3.4,3.3,0.6,2.4,4.9,1.7,5.1,1.2,3.2,3.1,3.6,2.7,2.6,6.7,2.3,3.4,2.7,:
2024-04-01,3.4,4.9,2.5,1.4,3.1,2.4,0.5,3.2,3.4,0.6,2.4,4.7,1.6,4.6,0.9,3,2.6,3.4,3,2.3,6.2,2.4,3,2.4,:
